num,value
0,9.907176
1,1.135818
2,2.219320
3,4.368670
4,4.459808
5,9.472639
6,7.646489
7,8.725971
8,0.201370
9,1.225786
